1,1,1,1,1,
0.001779,0.071203,0.033429,17,0.408884,0.075925
0.268075,0.264115,0.123776,12,0.422308,0.276286
0.142943,0.0104325,0.237057,14,0.503613,0.186439
0.153407,0.0440256,0.260837,20,0.481585,0.219253
0.229376,0.0056778,0.044929,15,0.441004,0.156302
0.153407,0.15658,0.045411,11,0.195378,0.154318
0.164081,0.342941,0.080291,13,0.315817,0.238455
0,0.0190154,0.155791,9,0.427744,0.08728
0.153407,0.154807,0.037059,23,0.43903,0.181541
0.236954,0.0399906,0.184677,1,0.129797,0.181356
0,0.12572,0.224516,0,0.214615,0.120418
0.316394,0.226193,0.086338,13,0.493669,0.277202
0.113568,0.2004,0.295708,2,0.325424,0.226011
0.001779,0.113465,0.195456,9,0.334607,0.127806
0.261876,0.133536,0.099745,10,0.257875,0.213736
0,0.066807,0.071029,3,0.352951,0.0601428
0.107436,0.0608917,0.030386,30,0.492173,0.143588
0.001779,0.112755,0.028232,12,0.0890247,0.0656911
0.001779,0.11683,0.305255,19,0.222986,0.179045
0,0.0428467,0.022287,32,0.325864,0.0848364
0.003558,0.303889,0.019088,3,0.424016,0.122201
0.200758,0.145682,0.191372,24,0.388503,0.251643
0.271806,0.298999,0.122199,10,0.414804,0.284704
0.208202,0.151545,0.276082,2,0.431013,0.249431
0.005337,0.331457,0.04242,21,0.314377,0.166291
0.001779,0.169681,0.124979,5,0.456381,0.119681
0.156731,0.0494282,0.086979,19,0.391076,0.157686
0.154391,0.0252363,0.23434,19,0.366596,0.19826
0.2199,0.0126545,0.291481,9,0.335979,0.22387
0,0.0057098,0.069123,10,0.396729,0.0539425
0.106322,0.256528,0.1881,42,0.419383,0.276816
0.298129,0.0771815,0.035137,4,0.120967,0.173688
0,0.134396,0.031407,8,0.296375,0.0744217
0.242842,0.0454098,0.305908,7,0.20689,0.240509
0.095685,0.0494725,0.133965,15,0.407499,0.140834
0.142943,0.332977,0.050153,2,0.309407,0.196531
0.14828,0.396725,0.304233,5,0.424299,0.315669
0.233878,0.110749,0.057863,4,0.463398,0.177998
0.190052,0.2725,0.023593,8,0.394611,0.202656
0,0.0645592,0.033187,11,0.439188,0.0638359
0.279275,0.0332458,0.287059,14,0.278262,0.261114
0.001779,0.221663,0.055967,7,0.175825,0.104669
0.081755,0.00858337,0.277879,13,0.29097,0.162661
0,0.0423837,0.111535,17,0.447533,0.0942158
0.001779,0.0608643,0.019393,21,0.257023,0.0685641
0.169012,0.123651,0.03669,1,0.382714,0.138075
0.103095,0.04736,0.024798,13,0.411322,0.102856
0.153407,0.177487,0.336538,11,0.494689,0.272492
0.128685,0.0382251,0.286578,15,0.531336,0.208794
0.281669,0.0317712,0.063026,28,0.425441,0.215407
0.256837,0.130321,0.188094,19,0.480246,0.265251
0,0.181487,0.05546,13,0.215325,0.102916
0.003558,0.0590736,0.05498,30,0.430935,0.103532
0.012453,0.0218957,0.165487,6,0.413859,0.0912004
0.153407,0.251825,0.083931,13,0.269665,0.204203
0.001779,0.0981694,0.173989,6,0.405326,0.113326
0.234658,0.128063,0.257518,34,0.519217,0.306005
0.20894,0.0235384,0.154005,6,0.370045,0.171845
0.208202,0.134884,0.042082,10,0.444031,0.178631
0.199477,0.475441,0.152379,7,0.453672,0.315879
0.242842,0.0892825,0.097222,13,0.318259,0.198137
0.142943,0.0487002,0.050817,22,0.326496,0.141639
0.223501,0.381297,0.198513,16,0.422415,0.326456
0.186392,0.0730442,0.123583,11,0.41526,0.177817
0.28853,0.155945,0.041899,9,0.436186,0.218303
0.005337,0.0166222,0.025736,15,0.394408,0.0534706
0,0.0110109,0.037057,16,0.342001,0.0528089
0.005337,0.0482777,0.061739,21,0.5038,0.0906247
0.142943,0.164893,0.066401,31,0.294344,0.198095
0.153407,0.0172824,0.018054,19,0.279633,0.117961
0.208855,0.0037151,0.039517,11,0.478293,0.139485
0.003558,0.0334775,0.115888,11,0.437038,0.0836442
0.142943,0.0148171,0.205009,12,0.461946,0.171748
0.219062,0.218829,0.188488,11,0.503478,0.26415
0.003558,0.328852,0.108357,8,0.444607,0.170059
0.001779,0.0631087,0.069794,5,0.365158,0.0632721
0.14828,0.033525,0.04069,10,0.275563,0.11291
0.003558,0.0809902,0.131804,7,0.298428,0.0916204
0.001779,0.152318,0.195623,3,0.461741,0.135036
0.141791,0.0176326,0.293893,12,0.56735,0.206762
0.479534,0.384073,0.071566,8,0.465319,0.383803
0.253195,0.148258,0.073094,7,0.410552,0.206574
0.217429,0.388286,0.074107,36,0.367251,0.31584
0,0.0436927,0.258157,31,0.436685,0.168375
0.331093,0.139065,0.06335,10,0.38555,0.238512
0.208855,0.127657,0.07181,11,0.433264,0.18805
0.184195,0.325373,0.114197,6,0.362815,0.243064
0,0.00841424,0.311345,15,0.135208,0.135418
0.206013,0.140139,0.041954,11,0.180283,0.170278
0.007116,0.0176672,0.058386,21,0.342492,0.0739576
0.142943,0.236293,0.06432,18,0.436385,0.203428
0.001779,0.0295596,0.195623,16,0.461741,0.118463
0.001779,0.126671,0.232159,12,0.513355,0.156986
0.005337,0.251021,0.13597,11,0.395564,0.158706
0.208775,0.0475351,0.043743,29,0.214315,0.175118
0.118754,0.086193,0.074594,11,0.506576,0.139456
0.177319,0.0416983,0.093681,10,0.381319,0.150582
0,0.0533982,0.095827,24,0.173731,0.0932764
0,0.0436046,0.057187,9,0.419471,0.0611119
0.183452,0.0179728,0.068342,11,0.408139,0.139895
0.173358,0.24433,0.190634,15,0.407791,0.256024
0.194281,0.0286407,0.23682,14,0.511662,0.214896
0.273845,0.0349795,0.056685,19,0.39397,0.194033
0.010674,0.0191675,0.264809,12,0.536119,0.138781
0.224866,0.415007,0.148994,8,0.424176,0.307135
0.206227,0.249516,0.134483,9,0.486721,0.245733
0.001779,0.0496899,0.255481,22,0.335877,0.150506
0.117075,0.012399,0.090451,15,0.177188,0.114164
0,0.0476677,0.055475,10,0.448674,0.0647345
0.202792,0.374882,0.161292,5,0.457512,0.285121
0,0.0112871,0.170165,21,0.558429,0.115762
0.130527,0.205529,0.04662,7,0.260804,0.156054
0.21433,0.270673,0.274281,8,0.537924,0.304056
0,0.034494,0.224516,35,0.214615,0.151826
0.177319,0.0400233,0.063245,18,0.267395,0.148827
0.153407,0.202372,0.037873,21,0.268766,0.186542
0.305625,0.252868,0.04603,19,0.498365,0.277765
0.153407,0.0584469,0.100513,26,0.33737,0.173608
0.234565,0.276041,0.125212,3,0.377547,0.248573
0.065825,0.0292021,0.051126,14,0.347054,0.0888967
0.211086,0.180116,0.067218,14,0.457453,0.210288
0.229696,0.0328978,0.028993,20,0.390063,0.166205
0.197893,0.345893,0.064473,2,0.444895,0.235045
0.305882,0.0372585,0.076402,5,0.379704,0.190739
0.122321,0.107781,0.099961,17,0.325364,0.159497
0.260831,0.0348611,0.043304,18,0.447543,0.184203
0.311953,0.159778,0.039126,12,0.454587,0.234732
0.141791,0.050027,0.293893,19,0.56735,0.229134
0.17549,0.161258,0.037466,8,0.425549,0.166943
0.001779,0.064299,0.042591,11,0.318769,0.0628314
0.291636,0.0413182,0.046636,5,0.440647,0.178134
0.143717,0.386942,0.066286,6,0.330497,0.227282
0.316394,0.397835,0.068247,5,0.403597,0.308092
0.07472,0.0266521,0.276101,14,0.355508,0.169078
0.140872,0.024373,0.091604,13,0.44166,0.136084
0,0.054017,0.036412,0,0.137306,0.0303024
0.26153,0.0185753,0.039744,17,0.438598,0.176029
0.262581,0.1554,0.089809,17,0.388705,0.235011
0.296132,0.225605,0.081565,13,0.477481,0.265876
0.229326,0.228483,0.113431,14,0.215511,0.239532
0.153407,0.130828,0.252044,17,0.331996,0.23256
0,0.0131225,0.078489,13,0.215529,0.0572856
0.256497,0.0252308,0.061216,11,0.405324,0.171562
0.001779,0.0200025,0.314205,10,0.660812,0.153646
0,0.0217564,0.241712,16,0.348656,0.126323
0.153407,0.11957,0.156381,20,0.504304,0.208542
0.339823,0.180311,0.188565,7,0.388354,0.293092
0.003558,0.251212,0.043901,17,0.203981,0.129121
0,0.0882507,0.25409,7,0.41215,0.138732
0.007116,0.478186,0.108675,17,0.403726,0.233035
0.170845,0.26684,0.031268,9,0.391886,0.196701
0.229557,0.365722,0.06937,12,0.410888,0.272717
0.160523,0.482781,0.097906,9,0.354619,0.282024
0.012453,0.100018,0.295842,19,0.460757,0.184844
0.21433,0.0814014,0.037828,5,0.439441,0.154048
0.266885,0.120968,0.057178,13,0.461106,0.210866
0.14828,0.12572,0.06784,0,0.435601,0.140735
0.184655,0.257487,0.065328,11,0.444448,0.216976
0.001779,0.0733752,0.162085,18,0.508014,0.126278
0.227808,0.13178,0.054039,9,0.447851,0.188718
0.236954,0.275262,0.064519,6,0.420256,0.235578
0,0.0328334,0.0767,12,0.132878,0.0578442
0.001779,0.0838973,0.043522,17,0.320626,0.0798053
0.003558,0.251994,0.051728,19,0.307278,0.139701
0.001779,0.0457146,0.065496,21,0.132878,0.0744215
0.007116,0.0469286,0.080513,28,0.386534,0.104679
0.231889,0.0562444,0.069621,36,0.431116,0.217725
0.164387,0.0347123,0.178334,20,0.448693,0.191599
0.117195,0.0271235,0.044789,17,0.412871,0.116372
0.139912,0.0163146,0.070448,12,0.457621,0.124811
0,0.0352602,0.117525,12,0.342347,0.0810816
0,0.034494,0.091135,35,0.36572,0.112474
0.142943,0.284974,0.039908,26,0.355366,0.221069
0.213256,0.120814,0.298855,18,0.433082,0.277338
0,0.0463853,0.050731,21,0.131051,0.0687452
0.079636,0.0206362,0.123912,20,0.444799,0.131379
0.003558,0.273704,0.078836,27,0.237702,0.166817
0.194528,0.143721,0.034269,17,0.359644,0.18144
0.153407,0.0212195,0.04492,12,0.217247,0.113758
0.142943,0.138063,0.271501,19,0.432335,0.244467
0.15594,0.167512,0.093782,2,0.306142,0.164386
0.253858,0.0592692,0.080805,26,0.495676,0.217474
0,0.199406,0.256666,15,0.307277,0.18446
0.150915,0.0232781,0.084604,16,0.413974,0.141783
0.003558,0.0949735,0.038373,12,0.327289,0.0739886
0,0.0644865,0.023208,29,0.397313,0.0897616
0.221102,0.0836563,0.018859,8,0.378646,0.153949
0.153407,0.114521,0.041499,21,0.258103,0.159431
0.105845,0.309709,0.192491,6,0.402012,0.232175
0.236954,0.163642,0.048434,10,0.3454,0.198475
0.080142,0.163652,0.169627,32,0.478005,0.2147
0.146538,0.0426978,0.046954,13,0.423498,0.128407
0.229326,0.416627,0.147726,12,0.414503,0.315673
0.003558,0.149472,0.142347,15,0.490886,0.138625
0.079007,0.055057,0.022721,8,0.350746,0.082975
0.236954,0.36138,0.044284,2,0.429935,0.249529
0.142943,0.236484,0.275928,3,0.401716,0.248393
0.412215,0.354259,0.084033,10,0.407626,0.350279
0.262392,0.239847,0.21262,25,0.440455,0.319578
0.231889,0.00622958,0.043158,17,0.345352,0.156523
0.314924,0.422504,0.284002,4,0.419776,0.387838
0.183797,0.0136372,0.049868,13,0.482117,0.138831
0.259382,0.373712,0.119309,3,0.416937,0.290039
0,0.0953926,0.115433,15,0.410518,0.107429
0.244361,0.302549,0.250957,4,0.563946,0.313502
0.239747,0.330026,0.078898,5,0.410284,0.256973
0,0.00587943,0.071393,17,0.414294,0.0675658
0.15594,0.0603177,0.030261,30,0.328573,0.157883
0.117075,0.0442203,0.022779,24,0.255455,0.119905
0.153407,0.0948293,0.014601,7,0.207925,0.117794
0.171197,0.192359,0.029464,13,0.398944,0.179763
0.001779,0.027515,0.225099,11,0.54053,0.122453
0.001779,0.0635098,0.253751,8,0.500936,0.136876
0,0.031307,0.278992,9,0.395065,0.13189
0.264538,0.0247456,0.107644,14,0.453006,0.197881
0.007116,0.478832,0.213906,23,0.489328,0.282988
0.001779,0.00540737,0.0331,15,0.321347,0.0478881
0.003558,0.0614063,0.048797,27,0.296674,0.0915155
0.153407,0.0519864,0.091462,24,0.432949,0.168911
0.234658,0.0336988,0.017653,8,0.424426,0.145451
0.153407,0.149803,0.092986,22,0.172428,0.186443
0.001779,0.0143891,0.054359,19,0.205362,0.060171
0.142943,0.127642,0.237057,0,0.503613,0.199523
0.208855,0.101325,0.051899,18,0.422515,0.18453
0.001779,0.0729262,0.033397,9,0.40346,0.062436
0.012453,0.0154468,0.042033,8,0.386336,0.049358
0.309366,0.152811,0.030058,7,0.37218,0.216308
0.154391,0.128261,0.23434,0,0.366596,0.198209
0.001779,0.12316,0.037042,18,0.359884,0.0933952
0.145962,0.133554,0.059741,11,0.388384,0.156505
0,0.119209,0.048539,2,0.267477,0.0639105
0.142943,0.150023,0.242483,8,0.515248,0.222764
0.003558,0.248059,0.256661,21,0.313876,0.212094
0.204895,0.0219894,0.081069,13,0.47516,0.161063
0.234933,0.0513047,0.077056,10,0.489764,0.177548
0.003558,0.0269378,0.100942,18,0.384648,0.0864106
0,0.0515377,0.049548,21,0.140244,0.0703534
0.191132,0.0497255,0.025853,23,0.392187,0.158899
0.003558,0.302858,0.085422,13,0.290373,0.156316
0.183773,0.176785,0.029063,4,0.51737,0.169467
0,0.0500485,0.315323,24,0.414831,0.17693
0.21209,0.232888,0.08957,12,0.445368,0.231178
0.237978,0.0988502,0.035483,4,0.39581,0.165618
0.142943,0.191884,0.045865,13,0.284263,0.168193
0.258264,0.238774,0.080014,17,0.411732,0.257213
0.242842,0.209116,0.025448,11,0.362732,0.210085
0.22915,0.0179615,0.067357,12,0.438358,0.162474
0.279275,0.364502,0.146412,20,0.311292,0.330079
0.153617,0.0432334,0.253276,14,0.381143,0.202066
0.117075,0.0652833,0.220034,23,0.448357,0.200038
0.208837,0.0600432,0.065926,25,0.379201,0.186505
0.177323,0.137666,0.019433,18,0.388258,0.169831
0.026686,0.029933,0.043844,11,0.262904,0.0609422
0.010674,0.0950722,0.047953,10,0.0583583,0.0659858
0.01957,0.0947074,0.041944,8,0.472223,0.081121
0.198229,0.0186807,0.026787,12,0.403661,0.133939
0.163826,0.27946,0.068468,2,0.3564,0.196812
0.003558,0.131558,0.28061,16,0.389811,0.177715
0.250668,0.173285,0.02684,16,0.45295,0.214898
0,0.0584956,0.049082,15,0.215356,0.0651129
0.153407,0.0455953,0.048968,30,0.242434,0.154971
0.21433,0.199697,0.062729,10,0.339876,0.204701
0.001779,0.131571,0.0518,12,0.388766,0.0919268
0.180426,0.239022,0.104929,21,0.319404,0.234933
0.142943,0.214889,0.100109,22,0.460421,0.21672
0,0.00718114,0.032243,16,0.387479,0.0518029
0.188978,0.230382,0.154791,8,0.337559,0.231244
0.153407,0.133924,0.196975,6,0.489221,0.202181
0.001779,0.0312615,0.042988,21,0.205402,0.065105
0.003558,0.0171036,0.079156,14,0.346564,0.0673981
0.117075,0.0332251,0.111282,3,0.400011,0.116263
0.003558,0.0488067,0.301869,10,0.398159,0.148662
0.001779,0.114449,0.035109,15,0.373607,0.0853504
0.154391,0.117226,0.303171,15,0.392922,0.245145
0.154391,0.0480283,0.026645,13,0.260774,0.11997
0.14135,0.283276,0.162947,16,0.425372,0.247412
0.451211,0.100781,0.052754,13,0.363448,0.279476
0,0.0520585,0.062989,26,0.309224,0.0906194
0.246203,0.334357,0.047768,14,0.43908,0.267251
0.001779,0.0105628,0.108778,9,0.419574,0.0689974
0.198219,0.1174,0.040373,16,0.376628,0.175738
0.306814,0.218485,0.055241,23,0.329421,0.27052
0,0.0476775,0.039504,33,0.25385,0.0910365
0.003558,0.035266,0.101261,24,0.433483,0.101509
0.001779,0.063698,0.061246,4,0.38538,0.0596413
0.001779,0.0617031,0.101834,7,0.102014,0.0664845
0.213998,0.0371032,0.038546,10,0.365407,0.145683
0.001779,0.120979,0.04254,14,0.340347,0.0868797
0.160089,0.244633,0.333134,16,0.320879,0.297129
0.447152,0.21082,0.032667,14,0.393628,0.308769
0.143728,0.157154,0.073132,3,0.516169,0.159
0,0.0873196,0.019861,12,0.290663,0.0621935
0.347504,0.190749,0.058958,13,0.369779,0.265138
0.236954,0.125063,0.303549,16,0.416134,0.286499
0.124085,0.113949,0.11325,16,0.407667,0.168391
0,0.0554034,0.201625,17,0.24657,0.120902
0.208855,0.375821,0.037544,13,0.209266,0.249532
0.001779,0.126058,0.195456,10,0.334607,0.133533
0.283342,0.0184043,0.067641,9,0.334767,0.176984
0.160089,0.333508,0.067609,18,0.333771,0.238747
0.014232,0.0142631,0.109696,17,0.385424,0.0883387
0.026686,0.0635098,0.037342,8,0.289681,0.065307
0,0.176879,0.198584,6,0.435366,0.147175
0.078278,0.157097,0.023939,9,0.252901,0.113232
0.110431,0.199572,0.113782,10,0.428748,0.18032
0.003558,0.257019,0.55601,25,0.324756,0.324425
0.007116,0.0228837,0.143937,13,0.369098,0.092085
0.001779,0.0958991,0.020484,8,0.172591,0.0541951
0.266405,0.011018,0.066266,14,0.384545,0.177426
0.172704,0.306666,0.103852,13,0.399919,0.242163
0.001779,0.143608,0.103709,26,0.284692,0.133379
0.005337,0.0372196,0.078963,8,0.483455,0.0697264
0.142943,0.173092,0.329861,22,0.201556,0.271282
0.183133,0.123164,0.053393,16,0.441094,0.17805
0.003558,0.02103,0.110826,12,0.340265,0.0757437
0.177319,0.123492,0.07558,16,0.427996,0.182651
0.28853,0.221869,0.179997,11,0.488068,0.291934
0.231889,0.0518884,0.029032,30,0.322442,0.18771
0.153407,0.0805153,0.045831,6,0.301478,0.125988
0.234658,0.11473,0.073471,6,0.402939,0.185916
0.153407,0.0104325,0.059019,14,0.304423,0.122145
0.001779,0.138171,0.027658,12,0.361586,0.0846789
0.198396,0.042302,0.099111,11,0.428824,0.165495
0.163826,0.163979,0.014163,21,0.408973,0.176519
0.005337,0.0415149,0.05078,22,0.472253,0.0851765
0.001779,0.0684821,0.090777,5,0.258774,0.0678033
0.208855,0.00824754,0.07,7,0.322084,0.138058
0.243562,0.275694,0.044192,11,0.427178,0.240576
0,0.0116878,0.136934,10,0.157647,0.0692357
0.142943,0.152514,0.149414,8,0.47201,0.190038
0.001779,0.0204649,0.030851,20,0.231447,0.0568692
0,0.0916866,0.021754,9,0.281918,0.0586939
0.153407,0.0412036,0.036354,13,0.360664,0.124755
0.231889,0.220133,0.066778,10,0.357342,0.220958
0.138995,0.0635867,0.121029,29,0.426526,0.184756
0,0.0435801,0.087173,4,0.129759,0.0509007
0.003558,0.321589,0.270744,9,0.528352,0.228297
0.003558,0.23012,0.044569,17,0.220761,0.123331
0.128151,0.247622,0.164571,11,0.440131,0.222846
0.007116,0.0845828,0.132447,5,0.398139,0.0951479
0.007116,0.0319214,0.155149,18,0.278455,0.103716
0.017791,0.0516526,0.159048,32,0.424927,0.146106
0.218554,0.0802507,0.088672,18,0.533048,0.199122
0.142943,0.0307095,0.034459,15,0.311522,0.117652
0.001779,0.123734,0.213661,10,0.409789,0.14207
0,0.0675914,0.042688,26,0.271359,0.0870849
0.21433,0.135368,0.073262,3,0.311522,0.174621
0.083359,0.0195379,0.024681,11,0.364152,0.0799819
0.287162,0.140445,0.072126,16,0.431233,0.234971
0.001779,0.0726932,0.242937,23,0.403409,0.158013
0.208012,0.0342658,0.052831,29,0.478421,0.184432
0.153407,0.122713,0.050464,13,0.314217,0.153575
0.24141,0.0452014,0.102427,25,0.433919,0.210702
0.242842,0.045172,0.010962,21,0.386777,0.171286
0.200966,0.224232,0.162492,12,0.439792,0.248222
0,0.0429823,0.073778,3,0.466734,0.0581478
0.003558,0.318179,0.110836,18,0.448038,0.184909
0.128685,0.227047,0.076172,13,0.368002,0.186891
0.21433,0.140667,0.059781,21,0.361401,0.204798
0.170656,0.0334843,0.042845,21,0.216978,0.14
0.17057,0.0442749,0.063156,30,0.447173,0.175233
0.163826,0.127171,0.053656,11,0.549318,0.166762
0.095685,0.0653727,0.019349,17,0.373188,0.108832
0.142943,0.191406,0.083417,10,0.402586,0.1805
0.081755,0.170427,0.181821,8,0.507444,0.181504
0.231122,0.174586,0.092403,25,0.395673,0.24234
0.001779,0.153236,0.04069,6,0.222595,0.0778944
0.042697,0.0183408,0.059168,15,0.371881,0.0808246
0.106322,0.233415,0.127269,10,0.458056,0.195074
0.153407,0.161895,0.137825,32,0.511976,0.236678
0,0.139065,0.023259,10,0.177614,0.0717362
0.239837,0.0158546,0.087465,10,0.433589,0.169688
0.16672,0.253858,0.263703,18,0.426704,0.28703
0,0.100473,0.052033,13,0.283859,0.0787983
0.208904,0.0983144,0.083186,10,0.486323,0.183066
0.296894,0.170748,0.040205,27,0.323194,0.252537
0.27433,0.328374,0.282223,9,0.550075,0.353528
0.152362,0.0843417,0.090815,8,0.509469,0.154024
0.001779,0.116752,0.115033,15,0.502835,0.118619
0.008895,0.033272,0.246704,9,0.459607,0.128013
0.30601,0.104481,0.046101,20,0.396695,0.228391
0.01957,0.130097,0.256458,12,0.432531,0.170843
0.199485,0.119298,0.134744,4,0.495971,0.193251
0.200351,0.233988,0.275914,9,0.4443,0.28476
0.117075,0.0842711,0.051869,8,0.400694,0.120867
0.153407,0.0451365,0.21771,3,0.323476,0.169112
0.003558,0.052706,0.009492,8,0.39963,0.0467502
0,0.0150675,0.012789,14,0.321924,0.0415482
0.001779,0.036544,0.138264,5,0.513634,0.0842445
0.153407,0.034373,0.248173,12,0.180647,0.185796
0.176933,0.114687,0.076014,6,0.422408,0.162349
0.007116,0.0891204,0.026537,5,0.257503,0.0547215
0.31976,0.0494694,0.029191,15,0.392866,0.202364
0,0.0644341,0.17224,25,0.438417,0.135368
0.315342,0.0466739,0.099577,24,0.268899,0.23404
0.001779,0.0335526,0.024733,12,0.185292,0.0432547
0.219062,0.0618588,0.077902,18,0.333469,0.181692
0.153407,0.152897,0.251409,8,0.557764,0.233027
0.314924,0.378656,0.284743,19,0.419776,0.400042
0.263208,0.230195,0.180727,17,0.386004,0.289962
0.153407,0.244863,0.296313,12,0.439872,0.279667
0.21433,0.226647,0.112407,12,0.477848,0.239289
0.296894,0.170916,0.202865,30,0.500861,0.320508
0.142943,0.0420781,0.153755,14,0.367782,0.162535
0.017791,0.0545431,0.031976,26,0.346571,0.0901203
0,0.112333,0.039391,23,0.204214,0.0922631
0,0.0304222,0.028806,8,0.305915,0.0408863
0.005337,0.0283851,0.113096,14,0.213453,0.0779153
0.007116,0.367584,0.221798,12,0.346788,0.225542
0.001779,0.0143369,0.103065,11,0.407254,0.0711964
0.125971,0.314288,0.152266,13,0.447598,0.242633
0,0.042218,0.241712,14,0.348656,0.129373
0.235846,0.0784909,0.040197,18,0.400174,0.184162
0.242842,0.0127275,0.081316,14,0.341391,0.171054
0.001779,0.0411896,0.033384,35,0.383414,0.0963953
0.126178,0.0728436,0.059982,11,0.299484,0.125032
0.240387,0.0171923,0.055482,6,0.345328,0.148941
0.21433,0.424179,0.147527,4,0.397918,0.296974
0.001779,0.0332372,0.26346,14,0.436509,0.138298
0.205204,0.0293287,0.07127,3,0.375902,0.138886
0.003558,0.0166532,0.301869,16,0.398159,0.148799
0.001779,0.0558509,0.081735,25,0.449298,0.102981
0.211018,0.0135638,0.067353,15,0.144663,0.146362
0.001779,0.109314,0.14573,17,0.414806,0.126593
0.169455,0.0120958,0.069186,15,0.446612,0.140672
0,0.060816,0.069811,5,0.329389,0.0603146
0.153407,0.0218807,0.139898,7,0.476001,0.148292
0.042697,0.0425486,0.054497,26,0.376923,0.106109
0.242842,0.0625374,0.110399,23,0.457046,0.217047
0.003558,0.247224,0.121161,18,0.374274,0.162881
0.001779,0.0606092,0.242937,0,0.403409,0.114486
0,0.155218,0.063736,11,0.373036,0.100369
0.270357,0.176221,0.056831,3,0.410541,0.210503
0.309416,0.0585486,0.062107,30,0.384617,0.237509
0.156965,0.117186,0.18259,18,0.452554,0.212721
0.208837,0.136054,0.101478,1,0.353112,0.180311
0.229698,0.15784,0.160626,9,0.50431,0.236493
0.418077,0.00224165,0.040615,3,0.483064,0.21717
0.203688,0.0267724,0.11053,18,0.303458,0.173738
0,0.0746573,0.028501,14,0.444423,0.0708357
0.010674,0.0209741,0.264809,17,0.536119,0.147983
0.231889,0.0182729,0.109376,7,0.343714,0.165621
0.142943,0.0588222,0.043863,24,0.235972,0.142244
0.143728,0.138112,0.039314,8,0.415635,0.145941
0.296894,0.0266243,0.045643,16,0.295624,0.188494
0.142943,0.126542,0.113233,13,0.338982,0.172647
0.27806,0.115416,0.055859,11,0.460531,0.210058
0.001779,0.0168094,0.055114,22,0.350263,0.0722796
0.192015,0.241701,0.116096,13,0.407164,0.234429
0.248188,0.126838,0.069939,8,0.365357,0.196388
0.223128,0.26197,0.09912,19,0.460458,0.261192
0,0.0301968,0.058105,14,0.415703,0.0656392
0,0.18691,0.034067,1,0.294592,0.0798635
0.245354,0.473021,0.144374,20,0.447931,0.354616
0.242842,0.107302,0.157156,9,0.457808,0.223097
0,0.0509973,0.034736,19,0.358896,0.0705876
0.003558,0.318351,0.052675,7,0.280463,0.139309
0.276542,0.0157231,0.076396,16,0.330736,0.188064
0.153407,0.0494231,0.026634,7,0.284193,0.11058
0.142943,0.0118059,0.066145,15,0.450392,0.128116
0.190389,0.235684,0.238209,10,0.38447,0.26737
0.156965,0.2842,0.35675,3,0.613195,0.305875
0.008895,0.0434649,0.040492,20,0.250555,0.0713538
0.117075,0.0626006,0.335066,24,0.442673,0.239928
0.193856,0.23012,0.026994,12,0.460571,0.201602
0.001779,0.0396021,0.152187,11,0.418394,0.0964387
0,0.042386,0.069618,25,0.431504,0.0930657
0.149317,0.0529124,0.068426,24,0.37569,0.157225
0.298129,0.0474774,0.023071,9,0.415706,0.180772
0,0.0817927,0.09452,6,0.357751,0.0782919
0.177319,0.13655,0.285644,15,0.47196,0.25854
0.103095,0.0627296,0.042803,31,0.407626,0.144793
0.14144,0.191109,0.077257,0,0.44144,0.161975
0.001779,0.145301,0.145707,13,0.466002,0.133204
0.142943,0.0883491,0.039346,10,0.299695,0.128524
0.163826,0.0608992,0.213627,11,0.540378,0.199923
0,0.0910939,0.047209,8,0.34448,0.068015
0.13741,0.184431,0.085652,15,0.40062,0.185177
0.231889,0.137858,0.212744,15,0.465814,0.257668
0.195776,0.0855426,0.168538,8,0.457824,0.197783
0.153407,0.129557,0.248173,12,0.180647,0.21604
0.142943,0.351524,0.145451,13,0.480214,0.260882
0.081755,0.117168,0.031769,8,0.506919,0.113362
0.001779,0.00813719,0.024754,11,0.347498,0.0400713
0.007116,0.159821,0.191512,3,0.450319,0.137883
0.001779,0.147567,0.032661,11,0.414481,0.0898016
0.270357,0.356412,0.166596,11,0.324233,0.315497
0.001779,0.161909,0.20446,10,0.457552,0.153007
0.153617,0.0646351,0.254307,5,0.359219,0.192794
0.008895,0.0221296,0.045357,13,0.412577,0.0607587
0.299432,0.224968,0.106512,13,0.174877,0.263295
0.275957,0.114811,0.053203,23,0.318202,0.222947
0.234658,0.12939,0.257518,18,0.519217,0.278817
0,0.02526,0.021501,11,0.270462,0.0404854
0.199477,0.114149,0.043762,2,0.55709,0.159608
0.231749,0.311121,0.060751,4,0.322737,0.235987
0.003558,0.112035,0.036709,23,0.388623,0.100323
0,0.048088,0.248744,30,0.270462,0.15806
0.123425,0.28042,0.144913,27,0.423873,0.251442
0,0.207023,0.316278,11,0.407461,0.204401
0.23277,0.234252,0.150007,15,0.417819,0.265319
0.135208,0.0573013,0.030658,23,0.177614,0.129773
0.142943,0.23659,0.263471,14,0.347208,0.260937
0.17524,0.0143099,0.080026,12,0.315069,0.137064
0.142943,0.0441352,0.136219,28,0.467526,0.185428
0.230132,0.223004,0.083505,11,0.385291,0.229675
0.196686,0.137559,0.074129,9,0.391886,0.181535
0.241149,0.0695602,0.041914,12,0.299179,0.169757
0.193973,0.257362,0.184386,21,0.428815,0.278248
0.083359,0.041138,0.069686,12,0.387636,0.104884
0.005337,0.166176,0.3114,7,0.372672,0.183769
0.229326,0.260879,0.318731,11,0.448839,0.324206
0.001779,0.159958,0.258846,27,0.264182,0.192397
0.285497,0.14201,0.060956,15,0.423436,0.228886
0.142943,0.0471025,0.041694,32,0.438759,0.159849
0.232121,0.252837,0.141997,10,0.324251,0.255767
0.242512,0.114783,0.192428,9,0.436323,0.236489
0,0.0456298,0.0726,23,0.215529,0.0828609
0.174292,0.12947,0.04824,7,0.464775,0.159869
0.296788,0.259072,0.029186,6,0.205188,0.235749
0.208625,0.349077,0.075523,12,0.258496,0.254174
0.003558,0.287472,0.126907,10,0.416803,0.165558
0,0.0274743,0.057466,10,0.0568887,0.0430308
0.156965,0.113176,0.027565,13,0.464987,0.15043
0.079007,0.0556138,0.038,14,0.4817,0.104055
0.085428,0.149344,0.142701,25,0.437631,0.189552
0.032023,0.0179113,0.050517,15,0.371848,0.0730726
0.247773,0.410694,0.190372,13,0.300999,0.333496
0.199485,0.460465,0.081148,12,0.387171,0.292737
0.218465,0.0571429,0.043192,27,0.419307,0.187118
0.180594,0.0130302,0.036772,12,0.247209,0.121472
0.27433,0.266107,0.282223,35,0.550075,0.378608
0.17057,0.0140773,0.081125,13,0.396494,0.140369
0.228804,0.234888,0.243161,8,0.347188,0.280616
0.142943,0.124701,0.090107,19,0.41092,0.177457
0.001779,0.0225107,0.060919,18,0.399177,0.071163
0.001779,0.0241399,0.142159,11,0.290384,0.0828872
0.001779,0.015525,0.029406,19,0.3065,0.0561397
0.001779,0.0297816,0.069409,16,0.104708,0.0609182
0.219062,0.159195,0.018184,14,0.468667,0.190851
0,0.0146119,0.154387,10,0.361235,0.0844168
0.142943,0.242609,0.03264,11,0.334329,0.178387
0.142943,0.124687,0.067154,7,0.51813,0.153283
0.229796,0.307027,0.15525,6,0.43725,0.274195
0.171166,0.15452,0.15377,22,0.455459,0.227973
0.142943,0.0193357,0.066409,14,0.304684,0.122935
0.108079,0.0937141,0.069344,16,0.378712,0.138809
0.001779,0.169599,0.138442,22,0.512389,0.155866
0.162387,0.00132813,0.195113,10,0.471066,0.169499
0.183773,0.316677,0.101641,10,0.474065,0.247269
0.16672,0.0654118,0.244496,13,0.567135,0.217695
0,0.028437,0.133748,15,0.428524,0.0931377
0,0.0418994,0.117155,24,0.399506,0.106101
0,0.0739876,0.088755,22,0.375774,0.102188
0.220285,0.0753557,0.260249,9,0.323476,0.232795
0.270827,0.278618,0.202927,28,0.428383,0.336959
0.003558,0.182908,0.068399,12,0.325975,0.11212
0.003558,0.240062,0.14444,13,0.216446,0.153488
0.155092,0.376698,0.114292,10,0.426562,0.256193
0.209784,0.275221,0.092605,6,0.433076,0.233803
0.154287,0.0529707,0.081544,9,0.391231,0.138641
0.001779,0.0228804,0.253751,15,0.500936,0.136046
0.128685,0.300355,0.109745,19,0.559563,0.2398
0,0.0521681,0.118221,40,0.489931,0.141022
0.105845,0.282527,0.1171,4,0.406771,0.194558
0.231889,0.160454,0.048664,3,0.367506,0.18415
0.101115,0.00895111,0.188758,10,0.475016,0.14315
0,0.0248205,0.10051,10,0.432513,0.0721824
0.005337,0.0173154,0.214449,13,0.372672,0.113743
0.244361,0.255902,0.250957,9,0.563946,0.307308
0.003558,0.246616,0.03215,6,0.282589,0.107873
0.200428,0.140442,0.096423,11,0.482061,0.198818
0.142943,0.170394,0.271501,9,0.432335,0.237485
0.296894,0.273375,0.110542,27,0.218416,0.304875
0.23277,0.113211,0.038176,7,0.509393,0.17863
0.236954,0.149879,0.054452,7,0.418399,0.193954
0.282471,0.089513,0.075259,10,0.330736,0.203358
0.130527,0.254927,0.112072,12,0.38032,0.20758
0.030244,0.144123,0.031611,8,0.365674,0.0936168
0.164523,0.0305951,0.114635,7,0.419077,0.144977
0.142943,0.416627,0.100143,12,0.448766,0.263102
0.15216,0.146148,0.097636,25,0.484719,0.204228
0.001779,0.0710242,0.049466,22,0.194237,0.0812201
0.247773,0.126426,0.06699,0,0.266872,0.177251
0.204228,0.475181,0.105494,11,0.431836,0.307886
0.091424,0.22045,0.110227,23,0.382591,0.19799
0.229326,0.239687,0.233752,11,0.338742,0.283991
0.308955,0.0362725,0.082384,11,0.410179,0.205404
0.128685,0.025348,0.097668,17,0.378937,0.137486
0.001779,0.0551391,0.05791,9,0.422633,0.0659295
0.289381,0.0138621,0.064156,9,0.45115,0.181733
0.232785,0.152142,0.031382,12,0.502367,0.19703
0.108549,0.0279654,0.058324,16,0.320321,0.111983
0.001779,0.173848,0.049054,25,0.354766,0.12547
0.289274,0.411197,0.076959,11,0.365962,0.312283
0.20017,0.0192339,0.026264,14,0.403661,0.138236
0.229326,0.180237,0.26257,6,0.430803,0.270058
0.1474,0.154844,0.059417,11,0.358523,0.16257
0.153407,0.0257805,0.037309,18,0.391042,0.130046
0.088953,0.0588738,0.089802,24,0.279939,0.136144
0.14828,0.234605,0.112441,13,0.434759,0.212948
0.163826,0.0726955,0.213627,12,0.540378,0.205397
0,0.0249998,0.248744,13,0.270462,0.12139
0.242842,0.171054,0.304192,12,0.375774,0.295356
0.153407,0.207023,0.048508,11,0.194237,0.171356
0.125971,0.058999,0.135508,24,0.43428,0.174238
0.165077,0.0161,0.044428,12,0.416513,0.125181
0,0.051342,0.315323,30,0.414831,0.187695
0.297456,0.00905035,0.054826,13,0.41867,0.186126
0.008895,0.0191437,0.069353,22,0.360312,0.0813975
0.153407,0.142663,0.029426,19,0.322155,0.163413
0.003558,0.237767,0.041037,12,0.266431,0.117789
0.142918,0.0360349,0.275334,19,0.421182,0.212891
0.153407,0.134744,0.316943,13,0.637105,0.26148
0.273916,0.156128,0.059512,24,0.374484,0.241356
0.001779,0.0131225,0.14843,13,0.386644,0.0889003
0.142943,0.121449,0.117845,12,0.337698,0.170825
0.141791,0.0807438,0.108691,9,0.216597,0.144153
0.128685,0.146106,0.136317,16,0.434562,0.189584
0.231889,0.222979,0.039093,23,0.416122,0.237244
0.001779,0.100083,0.045825,7,0.281636,0.0668893
0.21433,0.243094,0.442688,20,0.521398,0.372787
0.365335,0.145175,0.168865,26,0.473571,0.322608
0.174362,0.0385309,0.15173,24,0.504975,0.197288
0.135208,0.103473,0.074031,16,0.312311,0.152653
0.130527,0.0134551,0.0168,17,0.352537,0.105843
0.191132,0.228967,0.172027,9,0.340942,0.239479
0.336961,0.199464,0.332709,14,0.487384,0.363225
0.261876,0.0137472,0.178752,15,0.42959,0.218257
0.145679,0.201501,0.068218,8,0.396631,0.176022
0.178733,0.39902,0.129496,10,0.462916,0.280281
0,0.034074,0.100714,17,0.501954,0.0901012
0.298129,0.278488,0.085534,5,0.394621,0.267725
0.194281,0.054052,0.23682,7,0.511662,0.210891
0.248188,0.174796,0.294513,21,0.372227,0.310964
0.144537,0.12303,0.276237,18,0.373541,0.237881
0.117075,0.401092,0.096792,16,0.428209,0.251787
0.085428,0.0233661,0.208417,8,0.496452,0.145008
0.190278,0.370006,0.278301,11,0.273973,0.320903
0.001779,0.138175,0.039333,19,0.373048,0.10121
0.003558,0.052842,0.203964,20,0.499998,0.137945
0.294477,0.272648,0.288503,3,0.278414,0.32534
0.200351,0.292457,0.08773,5,0.399907,0.230418
0.144012,0.148315,0.118367,15,0.375245,0.186713
0,0.0400387,0.258157,11,0.436685,0.132703
0.146276,0.00730119,0.128734,12,0.4841,0.145693
0.160089,0.242395,0.333134,11,0.320879,0.28779
0,0.0569633,0.032003,31,0.201202,0.0858309
0.218554,0.364229,0.151599,13,0.414022,0.297346
0.280713,0.461563,0.119839,12,0.334563,0.339624
0,0.0935997,0.165413,12,0.490084,0.121979
0.229169,0.127036,0.055406,17,0.368973,0.198862
0.003558,0.434139,0.062832,13,0.352376,0.192849
0.128685,0.0236309,0.070189,20,0.310288,0.129943
0.153407,0.235398,0.336538,2,0.494689,0.275363
0,0.0370688,0.035858,11,0.191873,0.0459333
0.199485,0.0190932,0.064422,11,0.219448,0.138227
0.469325,0.252516,0.072954,5,0.447527,0.332115
0.221856,0.0068318,0.069363,15,0.277125,0.155042
0.142943,0.18502,0.1088,13,0.47845,0.1954
0.001779,0.0496267,0.276941,19,0.301298,0.151223
0.234556,0.161599,0.066916,25,0.427183,0.232301
0.169012,0.0034708,0.01443,15,0.31634,0.113746
0.24495,0.335983,0.12128,22,0.563645,0.311184
0.26625,0.229176,0.036672,14,0.39941,0.237185
0,0.0459754,0.051445,10,0.201807,0.0527609
0.131556,0.0737094,0.195545,13,0.566441,0.188241
0.003558,0.0146715,0.105279,24,0.363899,0.0935007
0.321334,0.243373,0.06951,14,0.490239,0.280663
0,0.00160318,0.033652,9,0.277908,0.0339669
0.001779,0.0290047,0.314205,17,0.660812,0.168585
0.005337,0.0307556,0.214449,12,0.372672,0.116288
0.001779,0.207262,0.173989,10,0.405326,0.154892
0.078278,0.0854378,0.042139,13,0.249746,0.103447
0.14135,0.252153,0.046464,23,0.411196,0.20928
0.236954,0.158085,0.303549,24,0.416134,0.310796
0.153407,0.0464954,0.093408,20,0.440158,0.161222
0.111577,0.0200209,0.042075,12,0.339289,0.0991083
0.224623,0.385166,0.325852,27,0.450067,0.391732
0.142943,0.208557,0.142481,7,0.492623,0.204595
0.101115,0.12565,0.104579,9,0.432696,0.148058
0.231889,0.103343,0.074723,20,0.232901,0.198744
0,0.018362,0.026251,7,0.341035,0.0358882
0.177628,0.0265963,0.076122,16,0.377184,0.150112
0.429954,0.221509,0.036696,7,0.501786,0.298356
0.245716,0.0780372,0.133733,12,0.196657,0.201596
0.108079,0.0176326,0.069726,12,0.389604,0.108307
0.128685,0.206813,0.09598,11,0.355573,0.183263
0.215514,0.0390558,0.057111,14,0.217564,0.154177
0.224866,0.00889021,0.079915,14,0.272804,0.158709
0.229326,0.163614,0.11578,25,0.352279,0.244277
0.208855,0.315321,0.096787,12,0.49505,0.260444
0.219062,0.118282,0.037017,4,0.402753,0.164336
0.30553,0.353039,0.093638,20,0.541786,0.329291
0.003558,0.297215,0.256661,13,0.313876,0.213908
0.142943,0.00750481,0.063439,18,0.303919,0.125034
0.184195,0.0225509,0.089928,19,0.325139,0.159462
0.032023,0.0178182,0.062048,7,0.45621,0.066611
0.001779,0.0227009,0.037087,20,0.30912,0.0628729
0.153407,0.0909162,0.284345,15,0.356006,0.228427
0.231889,0.130619,0.07498,6,0.304102,0.186242
0.142943,0.0217114,0.061407,15,0.271964,0.122375
0.007116,0.0543146,0.065876,39,0.490807,0.125262
0.005337,0.0277132,0.02583,16,0.455533,0.0612434
0.003558,0.0754026,0.037352,9,0.540683,0.0709417
0.128685,0.0531866,0.116935,19,0.512648,0.161806
0.003558,0.108845,0.065462,21,0.439424,0.107739
0.008895,0.144816,0.027932,14,0.392439,0.0947006
0.083359,0.0139832,0.034496,11,0.324744,0.0799598
0.095685,0.0340364,0.245967,14,0.303093,0.168164
0.007116,0.056249,0.142202,31,0.40132,0.134468
0.001779,0.02989,0.277935,15,0.330906,0.139595
0.007116,0.114289,0.161508,20,0.339853,0.138011
0.236954,0.0559373,0.312904,9,0.38334,0.254311
0.276468,0.0977508,0.262269,21,0.3826,0.288257
0.246009,0.28406,0.151025,26,0.415944,0.30618
0.263205,0.240859,0.208594,24,0.425584,0.316549
0.287551,0.482947,0.307126,19,0.290122,0.423576
0.396495,0.568039,0.458644,7,0.56735,0.54049
0.198229,0.452238,0.140733,13,0.187778,0.303504
0.157253,0.44505,0.304506,3,0.330742,0.327772
0.160089,0.33708,0.270899,16,0.336784,0.305917
0.72911,0.325574,0.131551,10,0.503739,0.499715
0.202253,0.127086,0.059886,13,0.424532,0.184011
0.135865,0.0247587,0.138046,6,0.432185,0.137401
0.205482,0.290777,0.32147,7,0.234068,0.308571
0.231516,0.449097,0.203963,12,0.482968,0.348925
0.280523,0.0887366,0.103577,6,0.360509,0.206234
0.229326,0.270866,0.266866,31,0.437523,0.343733
0.234003,0.388268,0.088461,5,0.45112,0.277897
0.007116,0.366724,0.365983,13,0.506065,0.282682
0.223128,0.344118,0.08652,6,0.299794,0.254015
0.253195,0.413067,0.282426,0,0.41249,0.350139
0,0.0682688,0.088463,19,0.38785,0.0955872
0.001779,0.0343975,0.188745,12,0.377221,0.107306
0.25348,0.308985,0.113923,19,0.375773,0.290988
0.245354,0.24461,0.121098,13,0.446705,0.26197
0,0.0207531,0.223403,13,0.519439,0.121541
0.317812,0.370547,0.157575,28,0.332535,0.367311
0.312693,0.430212,0.122692,11,0.433917,0.346928
0.154391,0.123451,0.243023,10,0.296322,0.214035
0.001779,0.0268337,0.135025,13,0.374194,0.0881757
0.276468,0.0492969,0.098347,22,0.314295,0.215872
0.371579,0.380576,0.242194,9,0.466726,0.395539
0.003558,0.266107,0.065824,35,0.42963,0.18159
0.264873,0.375163,0.197061,16,0.577104,0.348387
0.154391,0.369813,0.109807,17,0.528539,0.268404
0.156965,0.150704,0.194573,12,0.330179,0.212119
0.237169,0.146507,0.081248,16,0.434044,0.218287
0.304251,0.0254774,0.054096,9,0.425546,0.187443
0.095685,0.206106,0.119477,8,0.42624,0.174345
0.229326,0.247783,0.145913,7,0.41135,0.252649
0.153617,0.356245,0.144244,11,0.374146,0.258859
0.005337,0.264893,0.329972,5,0.372208,0.218002
0.229326,0.102627,0.102525,10,0.363707,0.194958
0.128685,0.246973,0.152293,13,0.399531,0.22048
0.095163,0.132066,0.213393,13,0.415701,0.190834
0.108549,0.251338,0.428356,4,0.637869,0.301448
0.325109,0.381316,0.154539,24,0.386654,0.368188
0,0.102408,0.229072,9,0.378381,0.136769
0.085428,0.0309752,0.224301,20,0.496452,0.173552
0.001779,0.0336442,0.217911,21,0.51278,0.138073
0.199485,0.135175,0.13184,12,0.201807,0.199121
0.250259,0.348511,0.148739,12,0.201761,0.294849
0.016012,0.0198079,0.102664,13,0.481773,0.085503
0.088069,0.847861,0.375375,13,0.396942,0.469677
0.142943,0.178533,0.075236,3,0.218416,0.154033
0.278654,0.275097,0.137663,29,0.33796,0.315031
0.276331,0.25109,0.324047,10,0.529132,0.344989
0.001779,0.1336,0.321721,17,0.632376,0.203225
0.229326,0.286414,0.321333,6,0.439502,0.324199
0.008895,0.468374,0.278317,22,0.538236,0.302687
0.180034,0.23982,0.285127,8,0.416245,0.278013
0.2641,0.0462949,0.063524,12,0.408466,0.184217
0.005337,0.230111,0.260646,14,0.487077,0.203508
0.331284,0.0367777,0.09857,7,0.295746,0.209275
0.243731,0.242659,0.239096,8,0.459614,0.2928
0.153407,0.0370889,0.118647,7,0.201943,0.134704
0.001779,0.0524948,0.257995,10,0.253924,0.128209
0.241979,0.278121,0.230418,10,0.520357,0.306268
0.001779,0.257549,0.317521,7,0.371732,0.213298
0.256247,0.0350293,0.084274,9,0.504113,0.183008
0.26625,0.342839,0.343951,16,0.56698,0.388425
0.21433,0.239133,0.295933,11,0.359684,0.299334
0.153407,0.0284844,0.35039,7,0.402384,0.21921
0.239098,0.227048,0.399789,13,0.447203,0.348767
0.229557,0.00186477,0.129969,14,0.535207,0.186298
0.280821,0.350179,0.198907,15,0.482345,0.342457
0.274504,0.334844,0.109932,4,0.372425,0.281006
0.34584,0.119166,0.085375,16,0.465404,0.259753
0.005337,0.119851,0.069567,13,0.353548,0.0961095
0.232016,0.235953,0.300354,14,0.59156,0.322184
0.239177,0.0481001,0.085203,15,0.423013,0.18707
0.208855,0.229847,0.37724,14,0.456063,0.330839
0.257284,0.482521,0.143841,10,0.414353,0.34404
0.297708,0.580211,0.132368,16,0.521126,0.403527
0.236954,0.24558,0.125164,17,0.416907,0.265684
0.340293,0.331632,0.098068,16,0.395111,0.326306
0.261903,0.270133,0.10474,10,0.312423,0.261077
0,0.10566,0.300645,20,0.437031,0.183595
0.007116,0.470799,0.061629,9,0.203981,0.192691
0.160523,0.288147,0.341238,12,0.425152,0.311257
0.276399,0.504877,0.31661,25,0.3295,0.440867
0.304815,0.223363,0.081027,16,0.52645,0.275946
0.289412,0.530614,0.31992,8,0.538242,0.435031
0.008895,0.464046,0.278317,16,0.538236,0.290958
0.275714,0.0600432,0.098581,25,0.187812,0.21906
0.003558,0.306507,0.33067,4,0.346981,0.227932
0.142943,0.0404326,0.357585,29,0.458763,0.261151
0.324303,0.145196,0.274747,21,0.321485,0.325993
0.184605,0.237475,0.148234,21,0.431641,0.255617
0.001779,0.0266218,0.114144,17,0.332078,0.0861696
0.175866,0.379255,0.159199,29,0.431441,0.314386
0.27806,0.554373,0.172691,7,0.199529,0.371857
0.128685,0.135753,0.344295,8,0.267888,0.23666
0.258342,0.0464605,0.123664,30,0.526652,0.238151
0.153407,0.0776918,0.089343,12,0.201807,0.146229
0.003558,0.264888,0.072527,25,0.403921,0.165186
0.214165,0.0419517,0.04093,24,0.418264,0.174422
0.168524,0.464072,0.101901,15,0.176927,0.284049
0.353459,0.244657,0.252681,20,0.42478,0.365287
0.29737,0.33854,0.158871,11,0.477932,0.325245
0.117075,0.241166,0.355781,13,0.442831,0.284759
0.32589,0.455789,0.307545,8,0.517219,0.42211
0.003558,0.190451,0.387312,6,0.336215,0.213395
0.23277,0.0211461,0.289333,8,0.34057,0.229918
0,0.0201521,0.223403,14,0.519439,0.123075
0.173264,0.0534771,0.100751,20,0.488247,0.176579
0.196686,0.139561,0.349807,14,0.333791,0.282493
0.001779,0.236998,0.126974,10,0.450808,0.150152
0.326927,0.222956,0.179567,10,0.315897,0.300163
0.229557,0.152213,0.096402,11,0.297325,0.207746
0.088069,0.328966,0.120257,4,0.184471,0.193566
0.207851,0.36214,0.182684,13,0.47579,0.305131
0.179448,0.276235,0.163962,29,0.457037,0.285886
0.31393,0.028467,0.230044,12,0.458398,0.25917
0.219062,0.467875,0.184342,20,0.424605,0.354183
0.005337,0.431491,0.075006,21,0.24944,0.206548
0.198229,0.0956717,0.116931,13,0.543651,0.196591
0.253514,0.0367093,0.090776,22,0.519042,0.207608
0.334249,0.264804,0.358433,10,0.466675,0.383832
0.149317,0.0377067,0.151304,16,0.349732,0.16581
0.23625,0.424736,0.0762,12,0.320742,0.293048
0.251139,0.0813348,0.086716,13,0.385453,0.19839
0.032023,0.0136552,0.089581,14,0.418854,0.0852391
0.301823,0.293174,0.254125,12,0.519804,0.348709
0.001779,0.109961,0.053103,11,0.408188,0.084571
0.21425,0.455036,0.112071,12,0.41625,0.309198
0,0.020323,0.116115,9,0.0299334,0.0579455
0.30689,0.37807,0.363941,29,0.402475,0.439919
0.228804,0.233148,0.057544,10,0.466277,0.225035
0.005337,0.256761,0.172905,25,0.435192,0.198905
0.248582,0.241164,0.084822,11,0.528967,0.249809
0.392082,0.167586,0.130886,24,0.450553,0.324065
0.008895,0.617736,0.106957,13,0.060284,0.256668
0,0.0128806,0.096757,13,0.323001,0.0678218
0.001779,0.152525,0.106716,3,0.380193,0.101443
0.28678,0.485443,0.317687,16,0.294517,0.422638
0.126178,0.137262,0.064522,6,0.325385,0.139477
0.091424,0.00406676,0.2281,12,0.462205,0.153718
0,0.0960459,0.131334,6,0.312246,0.0935272
0.157253,0.252958,0.304506,13,0.330742,0.283993
0.283307,0.0282454,0.076019,7,0.536111,0.187709
0.244539,0.0368866,0.128544,63,0.494109,0.286362
0.354124,0.323766,0.121056,7,0.406166,0.322612
0.239366,0.231295,0.346286,18,0.469927,0.341532
0.205482,0.0566492,0.109896,10,0.392811,0.173635
0.243731,0.254524,0.239096,6,0.459614,0.293119
0.122072,0.303887,0.29587,12,0.529072,0.288218
0.234658,0.376886,0.200217,8,0.401831,0.315866
0.18364,0.417057,0.357779,10,0.429555,0.364687
0.231889,0.286519,0.309497,18,0.474714,0.343456
0.003558,0.262536,0.111403,17,0.376093,0.162765
0.117075,0.464292,0.312157,6,0.495797,0.33085
0.152362,0.036711,0.079245,21,0.264516,0.147392
0.042697,0.0510812,0.082012,22,0.373588,0.111171
0.143728,0.0502674,0.148197,31,0.449815,0.196262
0.503218,0.346633,0.129427,15,0.416981,0.412104
0.001779,0.153521,0.180404,12,0.060284,0.129394
0.005337,0.260683,0.29276,17,0.351639,0.223836
0.156965,0.250751,0.279893,14,0.243897,0.272954
0.349747,0.232584,0.156228,8,0.267943,0.299821
0.244099,0.286522,0.163891,25,0.451695,0.31025
0.080535,0.157163,0.098282,11,0.445723,0.150915
0.128685,0.343817,0.155405,9,0.453104,0.247595
0.142943,0.104838,0.111701,10,0.363855,0.161065
0.298129,0.246871,0.108605,18,0.407626,0.288513
0.156965,0.00965419,0.09135,14,0.510597,0.142885
0.323041,0.226833,0.092842,1,0.47166,0.260924
0.162591,0.0213606,0.182594,16,0.289478,0.174635
0.007116,0.467952,0.284784,12,0.449885,0.283126
0.194795,0.354158,0.164533,13,0.254536,0.281682
0.317733,0.276,0.106584,25,0.445068,0.319247
0.206838,0.260093,0.192285,15,0.237124,0.269264
0.27979,0.479679,0.125349,12,0.461973,0.35205
0.26087,0.18502,0.215661,13,0.57846,0.287447
0.272471,0.0469965,0.042552,24,0.333847,0.198606
0.129428,0.347489,0.135081,15,0.33687,0.247768
0.324466,0.158225,0.317976,9,0.523282,0.332472
0.231889,0.384327,0.294271,6,0.201943,0.337515
0,0.0466247,0.337918,16,0.442317,0.170868
0,0.055057,0.46854,8,0.509199,0.207037
0.274432,0.123373,0.082547,15,0.457854,0.226901
0.227175,0.253325,0.237762,14,0.465783,0.299107
0.236954,0.167861,0.130126,26,0.498874,0.261553
0.199422,0.179815,0.083073,14,0.409417,0.20855
0.208775,0.467241,0.149631,15,0.39698,0.327891
0.257704,0.424179,0.127361,4,0.558061,0.315566
0.231889,0.278679,0.080043,21,0.407265,0.265102
0.279275,0.165258,0.123958,15,0.452465,0.256235
0.170827,0.445816,0.30924,15,0.512067,0.363657
0.108079,0.0268412,0.085665,6,0.348652,0.104649
0.252252,0.0248738,0.154155,14,0.443256,0.208028
0.416921,0.0236174,0.096998,5,0.4092,0.243136
0.218465,0.0378418,0.306674,20,0.525034,0.263116
0.157253,0.451229,0.136089,17,0.48805,0.30284
0.240387,0.284782,0.207679,10,0.406867,0.295306
0.001779,0.127803,0.083394,13,0.373288,0.102604
0.001779,0.0554787,0.105213,31,0.469318,0.122042
0.271806,0.140135,0.054177,4,0.412567,0.200573
0.142943,0.270425,0.084696,10,0.388543,0.205471
0.320065,0.946186,0.234766,5,0.452049,0.54272
0.337542,0.194003,0.368752,2,0.641036,0.359596
0.236954,0.155133,0.109959,27,0.364584,0.24688
0.081755,0.0383012,0.201941,15,0.396565,0.153948
0.370216,0.519114,0.342747,19,0.621775,0.496846
0.278673,0.257877,0.123365,16,0.340285,0.282352
0.29979,0.269072,0.127471,10,0.30492,0.284739
0.129428,0.013968,0.065642,14,0.297959,0.11479
0.28565,0.232476,0.082709,12,0.273649,0.253839
0.221729,0.498622,0.283547,29,0.530827,0.418826
0.195393,0.110968,0.066691,19,0.416803,0.188254
0.121659,0.236703,0.150076,12,0.285774,0.20703
0.010674,0.0170417,0.11208,9,0.440963,0.0769397
0.079007,0.0412976,0.233694,26,0.459751,0.18609
0.128685,0.28561,0.271986,11,0.337748,0.267627
0.241343,0.463758,0.386198,2,0.270934,0.394158
0.128685,0.115601,0.140885,15,0.452781,0.180467
0.091424,0.0431789,0.2281,11,0.462205,0.164419
0.14828,0.523934,0.143335,15,0.397005,0.317333
0.236954,0.0145174,0.119245,8,0.460562,0.176495
0.23172,0.162614,0.355978,25,0.506627,0.333251
0.236954,0.0426978,0.070773,13,0.498246,0.179074
0.254521,0.0672202,0.087104,25,0.252469,0.210802
0.108079,0.589976,0.350475,3,0.460968,0.373334
0.241979,0.277295,0.230418,23,0.520357,0.328438
0.221815,0.0509914,0.195731,20,0.449594,0.227829
0.128685,0.171952,0.134133,23,0.481469,0.211042
0.157253,0.110444,0.061038,11,0.446032,0.156886
0.219062,0.249466,0.161871,15,0.417487,0.2682
0.001779,0.161914,0.293064,31,0.118238,0.205649
0.11618,0.00418333,0.134792,16,0.402397,0.137196
0.160523,0.224995,0.341238,13,0.425152,0.292917
0,0.133488,0.124992,8,0.237789,0.103677
0.001779,0.0136204,0.077642,25,0.383092,0.0854676
0.156965,0.147119,0.076285,12,0.409508,0.173852
0.153407,0.0415494,0.088429,14,0.393975,0.145716
0.274584,0.528208,0.273755,11,0.5048,0.415851
0.128685,0.372121,0.125083,8,0.356355,0.240573
0.37021,0.373422,0.473704,20,0.733342,0.501506
0,0.035382,0.080483,15,0.250231,0.0699041
0.191626,0.127293,0.105611,11,0.410245,0.191003
0.145679,0.16422,0.092293,10,0.411238,0.176438
0.310217,0.348874,0.128887,10,0.456846,0.321325
0.003558,0.242177,0.430725,12,0.566872,0.264396
0,0.0580916,0.278557,27,0.372719,0.170402
0.001779,0.161142,0.149856,6,0.321822,0.121698
0.307648,0.109954,0.074884,17,0.463861,0.238227
0,0.0825985,0.337918,5,0.442317,0.163317
0.264422,0.152184,0.116437,29,0.427841,0.266181
0.001779,0.038059,0.217911,19,0.51278,0.136025
0.29979,0.250971,0.297525,18,0.340333,0.352259
0.180426,0.329547,0.337268,10,0.378451,0.326396
0.14828,0.127571,0.41501,12,0.449134,0.281036
0.122321,0.0890109,0.272037,6,0.492427,0.200073
0.246181,0.426135,0.163912,12,0.430871,0.332246
0.001779,0.172813,0.157116,3,0.350606,0.12388
0,0.0651892,0.153395,23,0.217329,0.116716
0.272187,0.323666,0.217635,10,0.502959,0.328864
0.240387,0.316595,0.300663,12,0.566118,0.347082
0.001779,0.14733,0.185597,66,0.45129,0.238315
0.204981,0.501597,0.266879,18,0.3225,0.379297
0.142943,0.266261,0.122758,3,0.412262,0.206023
0.224866,0.339192,0.173889,9,0.544046,0.29815
0.291389,0.347443,0.29881,14,0.506941,0.379568
0.142943,0.132056,0.324505,12,0.370174,0.246032
0.34596,0.0305914,0.112023,9,0.467432,0.228758
0.211914,0.253138,0.306889,9,0.27751,0.299667
0.138995,0.0290532,0.231761,15,0.414376,0.186912
0.240879,0.0330106,0.08645,14,0.457862,0.183139
0,0.0291695,0.249883,10,0.455039,0.125449
0,0.0301437,0.278557,10,0.372719,0.132187
0.392458,0.671757,0.690258,1,0.892094,0.65359
0.117075,0.42972,0.365046,13,0.525704,0.351209
0.149851,0.4076,0.075435,14,0.35489,0.254446
0.184195,0.202251,0.115752,12,0.3775,0.215426
0,0.0694056,0.301378,14,0.206846,0.152591
0.163826,0.130314,0.074554,19,0.200105,0.174464
0.001779,0.00669433,0.177264,9,0.3925,0.0900324
0,0.00477659,0.102275,8,0.33157,0.0588509
0.001779,0.0263476,0.287625,12,0.398071,0.139336
0.080535,0.0252764,0.074166,18,0.342699,0.108661
0.122072,0.096434,0.040902,9,0.38032,0.124067
